{"IsRendering":true,"Layer":0,"PrefabKey":"imagetest","Prefab_Transform_LCL_Position_x":42.70000076293945,"Prefab_Transform_LCL_Position_y":41.29999923706055,"Prefab_Transform_LCL_Position_z":10.699999809265137,"Prefab_Transform_LCL_Rotation_x":-32.20000076293945,"Prefab_Transform_LCL_Rotation_y":38.20000076293945,"Prefab_Transform_LCL_Rotation_z":38.20000076293945,"Prefab_Transform_LCL_Scale_x":17.600000381469727,"Prefab_Transform_LCL_Scale_y":32.20000076293945,"Prefab_Transform_LCL_Scale_z":7.099999904632568,"TexturePath":"Resources\\Sprites\\Brick.dds","UIType":3}