{"0":{"ActivationDistance":18.399999618530273,"ActivationLevel":1.0,"MaxActivationDistance":758.9000244140625,"NodePopDistance":12.199999809265137,"ReplanPathTime":55.5},"1":{"ActivationLevel":0.0,"LowerOptimalDistance":0.0,"MaxActivationDistance":722.0,"NodePopDistance":0.10000000149011612,"ReplanPathTime":0.0,"UpperOptimalDistance":0.2199999988079071},"2":{"ActivationLevel":0.0,"AttackRangeVariance":130.6999969482422},"3":{"ActivationLevel":1.0,"AttackRangeVariance":86.69999694824219},"4":{"ActivationLevel":1.0,"NodePopDistance":26.700000762939453,"WaitTime":24.299999237060547,"WaitTimeVariance":28.299999237060547,"WanderDistance":225.3000030517578,"activationDistance":769.5}}