{"TestScene":{"1":{"GUID":[8713235780796900848,13912236574996592964,8412814452649658143],"Name":["particleSystem0","particleSystem1","particleSystem2"]},"31":{"GUID":[698048911564964307],"Health":[0],"Layers":[42.0],"Movement Speed":[100.0],"Name":["Enemy"],"Position":[[-570.0,-25.0,0.0]],"Rotation":[[0.0,0.0,0.0]],"Scale":[[0.800000011920929,0.800000011920929,0.800000011920929]]},"47":{"GUID":[12803256797091905591],"Health":[0],"Layers":[42.0],"Movement Speed":[100.0],"Name":["Player"],"Position":[[200.0,-200.0,5.0]],"Rotation":[[0.0,0.0,0.0]],"Scale":[[1.0,1.0,1.0]]},"7":{"GUID":[9591745179353410149,12234297722279960737],"Layers":[0,0],"Name":["TestObject0","TestObject1"],"Position":[[0.0,-200.0,0.0],[10.0,-200.0,0.0]],"Rotation":[[0.0,0.0,0.0],[0.0,0.0,0.0]],"Scale":[[2.0,2.0,2.0],[2.0,2.0,2.0]],"Shape":["Box","Box"]}}}