{"1":{"GUID":[609426130977429236,13556754384988211028,649507224882032571],"Name":["particleSystem0","particleSystem1","particleSystem2"]},"15":{"GUID":[2047514653177100496],"Health":[0],"Layers":[42.0],"Movement Speed":[100.0],"Name":["Enemy"],"Position":[[-570.0,-25.0,0.0]],"Rotation":[[0.0,0.0,0.0]],"Scale":[[0.800000011920929,0.800000011920929,0.800000011920929]]},"47":{"GUID":[5620401570275817119],"Health":[0],"Layers":[42.0],"Movement Speed":[100.0],"Name":["Player"],"Position":[[200.0,-200.0,5.0]],"Rotation":[[0.0,0.0,0.0]],"Scale":[[1.0,1.0,1.0]]},"7":{"GUID":[2493943074154212122,11149681856723260185],"Layers":[0,0],"Name":["TestObject0","TestObject1"],"Position":[[0.0,-200.0,0.0],[10.0,-200.0,0.0]],"Rotation":[[0.0,0.0,0.0],[0.0,0.0,0.0]],"Scale":[[2.0,2.0,2.0],[2.0,2.0,2.0]],"Shape":["Box","Box"]}}